filename,width,height,class,xmin,ymin,xmax,ymax
burger_1_img_2_0.jpg,768,768,bun,258,166,394,386
burger_1_img_2_1.jpg,768,768,bun,300,205,413,427
burger_1_img_2_2.jpg,768,768,bun,412,155,575,413
burger_1_img_2_3.jpg,768,768,bun,210,247,355,473
burger_1_img_29_0.jpg,768,768,ketchup,237,267,365,515
burger_1_img_29_0.jpg,768,768,beef_patty,386,189,532,461
burger_1_img_29_1.jpg,768,768,ketchup,442,272,590,530
burger_1_img_29_1.jpg,768,768,beef_patty,252,332,422,615
burger_1_img_29_2.jpg,768,768,ketchup,225,262,359,512
burger_1_img_29_2.jpg,768,768,beef_patty,375,298,529,573
burger_1_img_29_3.jpg,768,768,ketchup,438,256,566,504
burger_1_img_29_3.jpg,768,768,beef_patty,271,183,417,454
burger_1_img_15_0.jpg,768,768,bun,132,258,269,513
burger_1_img_15_0.jpg,768,768,lettuce,294,211,447,479
burger_1_img_15_1.jpg,768,768,bun,384,291,497,512
burger_1_img_15_1.jpg,768,768,lettuce,234,236,360,468
burger_1_img_15_2.jpg,768,768,bun,204,210,323,437
burger_1_img_15_2.jpg,768,768,lettuce,348,157,481,395
burger_1_img_15_3.jpg,768,768,bun,205,213,320,447
burger_1_img_15_3.jpg,768,768,lettuce,345,157,473,402
burger_4_img_10_0.jpg,768,768,mayonaise,227,97,403,440
burger_4_img_10_0.jpg,768,768,ketchup,507,50,692,387
burger_4_img_10_1.jpg,768,768,mayonaise,378,225,525,447
burger_4_img_10_1.jpg,768,768,ketchup,126,210,282,428
burger_4_img_10_2.jpg,768,768,mayonaise,203,200,335,444
burger_4_img_10_2.jpg,768,768,ketchup,420,187,559,427
burger_4_img_10_3.jpg,768,768,mayonaise,181,161,347,444
burger_4_img_10_3.jpg,768,768,ketchup,446,120,622,399
burger_4_img_11_0.jpg,768,768,mayonaise,166,144,344,463
burger_4_img_11_0.jpg,768,768,ketchup,459,122,647,436
burger_4_img_11_1.jpg,768,768,mayonaise,359,209,552,480
burger_4_img_11_1.jpg,768,768,ketchup,33,200,237,467
burger_4_img_11_2.jpg,768,768,mayonaise,403,369,595,654
burger_4_img_11_2.jpg,768,768,ketchup,77,390,279,671
burger_4_img_11_3.jpg,768,768,mayonaise,346,267,476,514
burger_4_img_11_3.jpg,768,768,ketchup,123,249,261,493
burger_1_img_14_0.jpg,768,768,bun,408,228,529,489
burger_1_img_14_0.jpg,768,768,lettuce,268,267,388,537
burger_1_img_14_1.jpg,768,768,bun,447,265,570,521
burger_1_img_14_1.jpg,768,768,lettuce,303,216,425,481
burger_1_img_14_2.jpg,768,768,bun,463,181,620,489
burger_1_img_14_2.jpg,768,768,lettuce,281,102,438,419
burger_1_img_14_3.jpg,768,768,bun,184,215,360,416
burger_1_img_14_3.jpg,768,768,lettuce,394,166,568,375
burger_1_img_28_0.jpg,768,768,ketchup,487,286,646,546
burger_1_img_28_0.jpg,768,768,beef_patty,287,228,463,499
burger_1_img_28_1.jpg,768,768,ketchup,499,281,650,497
burger_1_img_28_1.jpg,768,768,beef_patty,307,328,473,553
burger_1_img_28_2.jpg,768,768,ketchup,401,249,572,554
burger_1_img_28_2.jpg,768,768,beef_patty,196,157,383,476
burger_1_img_28_3.jpg,768,768,ketchup,463,216,637,487
burger_1_img_28_3.jpg,768,768,beef_patty,246,160,438,443
burger_1_img_3_0.jpg,768,768,bun,195,137,309,459
burger_1_img_3_0.jpg,768,768,bun,350,139,466,464
burger_1_img_3_1.jpg,768,768,bun,108,154,275,459
burger_1_img_3_1.jpg,768,768,bun,337,130,506,436
burger_1_img_3_2.jpg,768,768,bun,222,258,354,461
burger_1_img_3_2.jpg,768,768,bun,406,265,541,469
burger_1_img_3_3.jpg,768,768,bun,170,240,313,451
burger_1_img_3_3.jpg,768,768,bun,375,235,520,447
burger_2_img_9_0.jpg,768,768,mustard,149,385,264,645
burger_2_img_9_0.jpg,768,768,tomatoes,294,400,422,648
burger_2_img_9_1.jpg,768,768,mustard,129,213,234,446
burger_2_img_9_1.jpg,768,768,tomatoes,263,210,380,432
burger_2_img_9_2.jpg,768,768,mustard,451,162,596,384
burger_2_img_9_2.jpg,768,768,tomatoes,252,183,412,395
burger_2_img_9_3.jpg,768,768,mustard,56,205,196,410
burger_2_img_9_3.jpg,768,768,tomatoes,238,201,394,397
burger_2_img_18_0.jpg,768,768,cheese,484,277,598,504
burger_2_img_18_0.jpg,768,768,tomatoes,361,274,466,491
burger_2_img_18_1.jpg,768,768,cheese,522,207,641,412
burger_2_img_18_1.jpg,768,768,tomatoes,388,193,497,390
burger_2_img_18_2.jpg,768,768,cheese,149,214,286,531
burger_2_img_18_2.jpg,768,768,tomatoes,305,177,432,481
burger_2_img_18_3.jpg,768,768,cheese,432,205,551,508
burger_2_img_18_3.jpg,768,768,tomatoes,301,188,410,480
burger_1_img_1_0.jpg,768,768,bun,375,162,508,387
burger_1_img_1_1.jpg,768,768,bun,193,134,348,401
burger_1_img_1_2.jpg,768,768,bun,378,230,529,451
burger_1_img_1_3.jpg,768,768,bun,235,182,388,426
burger_1_img_16_0.jpg,768,768,bun,182,303,307,494
burger_1_img_16_0.jpg,768,768,lettuce,331,244,476,457
burger_1_img_16_1.jpg,768,768,bun,134,284,300,476
burger_1_img_16_1.jpg,768,768,lettuce,329,237,521,451
burger_1_img_16_2.jpg,768,768,bun,436,279,565,563
burger_1_img_16_2.jpg,768,768,lettuce,267,186,415,503
burger_1_img_16_3.jpg,768,768,bun,467,212,604,473
burger_1_img_16_3.jpg,768,768,lettuce,291,122,448,414
burger_4_img_13_0.jpg,768,768,mustard,215,195,370,459
burger_4_img_13_0.jpg,768,768,ketchup,459,161,622,421
burger_4_img_13_1.jpg,768,768,mustard,267,199,409,529
burger_4_img_13_1.jpg,768,768,ketchup,491,164,641,488
burger_4_img_13_2.jpg,768,768,mustard,222,315,381,635
burger_4_img_13_2.jpg,768,768,ketchup,473,356,641,671
burger_4_img_13_3.jpg,768,768,mustard,149,157,341,447
burger_4_img_13_3.jpg,768,768,ketchup,461,136,665,422
burger_4_img_12_0.jpg,768,768,mustard,394,379,555,631
burger_4_img_12_0.jpg,768,768,ketchup,118,404,288,652
burger_4_img_12_1.jpg,768,768,mustard,418,123,626,413
burger_4_img_12_1.jpg,768,768,ketchup,72,127,292,413
burger_4_img_12_2.jpg,768,768,mustard,402,191,565,483
burger_4_img_12_2.jpg,768,768,ketchup,127,160,299,448
burger_4_img_12_3.jpg,768,768,mustard,443,284,584,596
burger_4_img_12_3.jpg,768,768,ketchup,204,308,353,615
burger_1_img_17_0.jpg,768,768,ketchup,192,292,353,525
burger_1_img_17_0.jpg,768,768,lettuce,382,229,560,462
burger_1_img_17_1.jpg,768,768,ketchup,212,263,350,510
burger_1_img_17_1.jpg,768,768,lettuce,379,312,532,557
burger_1_img_17_2.jpg,768,768,ketchup,235,252,357,484
burger_1_img_17_2.jpg,768,768,lettuce,380,211,516,442
burger_1_img_17_3.jpg,768,768,ketchup,197,245,340,530
burger_1_img_17_3.jpg,768,768,lettuce,363,173,522,456
burger_2_img_19_0.jpg,768,768,bun_top,249,177,392,482
burger_2_img_19_1.jpg,768,768,bun_top,292,187,453,492
burger_2_img_19_2.jpg,768,768,bun_top,289,325,452,566
burger_2_img_19_3.jpg,768,768,bun_top,300,120,467,438
burger_2_img_8_0.jpg,768,768,mustard,551,210,701,436
burger_2_img_8_0.jpg,768,768,tomatoes,365,166,522,429
burger_2_img_8_1.jpg,768,768,mustard,152,232,301,502
burger_2_img_8_1.jpg,768,768,tomatoes,323,174,479,486
burger_2_img_8_2.jpg,768,768,mustard,117,190,264,420
burger_2_img_8_2.jpg,768,768,tomatoes,292,146,445,414
burger_2_img_8_3.jpg,768,768,mustard,186,173,306,444
burger_2_img_8_3.jpg,768,768,tomatoes,326,132,452,445
burger_1_img_4_0.jpg,768,768,bun,193,211,320,483
burger_1_img_4_0.jpg,768,768,bun,377,165,509,446
burger_1_img_4_1.jpg,768,768,bun,211,273,343,547
burger_1_img_4_1.jpg,768,768,bun,401,231,538,513
burger_1_img_4_2.jpg,768,768,bun,191,248,347,539
burger_1_img_4_2.jpg,768,768,bun,412,215,575,515
burger_1_img_4_3.jpg,768,768,bun,183,296,346,519
burger_1_img_4_3.jpg,768,768,bun,417,253,587,483
burger_1_img_13_0.jpg,768,768,bun,119,222,281,548
burger_1_img_13_0.jpg,768,768,lettuce,310,221,474,587
burger_1_img_13_1.jpg,768,768,bun,444,263,576,553
burger_1_img_13_1.jpg,768,768,lettuce,289,209,423,533
burger_1_img_13_2.jpg,768,768,bun,427,246,565,478
burger_1_img_13_2.jpg,768,768,lettuce,263,226,403,485
burger_1_img_13_3.jpg,768,768,bun,152,247,283,502
burger_1_img_13_3.jpg,768,768,lettuce,303,196,436,481
burger_4_img_16_0.jpg,768,768,lettuce,402,166,542,415
burger_4_img_16_0.jpg,768,768,ketchup,169,154,318,399
burger_4_img_16_1.jpg,768,768,lettuce,217,145,397,477
burger_4_img_16_1.jpg,768,768,ketchup,502,107,692,434
burger_4_img_16_2.jpg,768,768,lettuce,409,102,581,434
burger_4_img_16_2.jpg,768,768,ketchup,132,101,314,429
burger_4_img_16_3.jpg,768,768,lettuce,248,291,428,638
burger_4_img_16_3.jpg,768,768,ketchup,526,297,715,640
burger_4_img_17_0.jpg,768,768,lettuce,178,178,362,482
burger_4_img_17_0.jpg,768,768,ketchup,466,187,654,478
burger_4_img_17_1.jpg,768,768,lettuce,215,114,359,440
burger_4_img_17_1.jpg,768,768,ketchup,432,133,579,446
burger_4_img_17_2.jpg,768,768,lettuce,272,144,410,398
burger_4_img_17_2.jpg,768,768,ketchup,488,153,629,397
burger_4_img_17_3.jpg,768,768,lettuce,315,148,491,452
burger_4_img_17_3.jpg,768,768,ketchup,46,174,225,465
burger_1_img_12_0.jpg,768,768,bun,393,233,519,495
burger_1_img_12_0.jpg,768,768,lettuce,238,183,365,489
burger_1_img_12_1.jpg,768,768,bun,170,224,314,441
burger_1_img_12_1.jpg,768,768,lettuce,346,230,491,483
burger_1_img_12_2.jpg,768,768,bun,219,315,354,510
burger_1_img_12_2.jpg,768,768,lettuce,380,270,517,497
burger_1_img_12_3.jpg,768,768,bun,203,258,357,526
burger_1_img_12_3.jpg,768,768,lettuce,383,277,539,588
burger_1_img_5_0.jpg,768,768,bun,447,207,565,474
burger_1_img_5_0.jpg,768,768,mayonaise,286,143,405,425
burger_1_img_5_1.jpg,768,768,bun,437,277,550,546
burger_1_img_5_1.jpg,768,768,mayonaise,274,306,389,591
burger_1_img_5_2.jpg,768,768,bun,428,238,581,493
burger_1_img_5_2.jpg,768,768,mayonaise,209,181,363,450
burger_1_img_5_3.jpg,768,768,bun,174,239,319,478
burger_1_img_5_3.jpg,768,768,mayonaise,377,181,523,433
burger_2_img_20_0.jpg,768,768,bun_top,314,183,479,441
burger_2_img_20_1.jpg,768,768,bun_top,314,163,472,401
burger_2_img_20_2.jpg,768,768,bun_top,345,188,498,462
burger_2_img_20_3.jpg,768,768,bun_top,354,110,481,405
burger_1_img_7_0.jpg,768,768,bun,196,318,350,535
burger_1_img_7_0.jpg,768,768,mayonaise,407,273,558,497
burger_1_img_7_1.jpg,768,768,bun,256,222,378,474
burger_1_img_7_1.jpg,768,768,mayonaise,421,170,541,429
burger_1_img_7_2.jpg,768,768,bun,224,308,381,542
burger_1_img_7_2.jpg,768,768,mayonaise,436,333,591,574
burger_1_img_7_3.jpg,768,768,bun,218,216,355,477
burger_1_img_7_3.jpg,768,768,mayonaise,406,172,541,441
burger_1_img_10_0.jpg,768,768,bun,465,252,615,507
burger_1_img_10_0.jpg,768,768,tomatoes,286,305,436,558
burger_1_img_10_1.jpg,768,768,bun,226,247,351,453
burger_1_img_10_1.jpg,768,768,tomatoes,377,220,502,424
burger_1_img_10_2.jpg,768,768,bun,409,269,520,566
burger_1_img_10_2.jpg,768,768,tomatoes,275,223,386,517
burger_1_img_10_3.jpg,768,768,bun,401,330,519,534
burger_1_img_10_3.jpg,768,768,tomatoes,261,371,378,575
burger_1_img_38_0.jpg,768,768,mustard,393,266,505,492
burger_1_img_38_0.jpg,768,768,cheese,246,306,390,555
burger_1_img_38_1.jpg,768,768,mustard,395,184,559,485
burger_1_img_38_1.jpg,768,768,cheese,183,108,393,439
burger_1_img_38_2.jpg,768,768,mustard,149,234,280,468
burger_1_img_38_2.jpg,768,768,cheese,279,158,447,415
burger_1_img_38_3.jpg,768,768,mustard,368,272,496,556
burger_1_img_38_3.jpg,768,768,cheese,208,177,371,490
burger_4_img_8_0.jpg,768,768,mayonaise,444,97,610,473
burger_4_img_8_0.jpg,768,768,ketchup,171,49,346,419
burger_4_img_8_1.jpg,768,768,mayonaise,219,106,358,472
burger_4_img_8_1.jpg,768,768,ketchup,450,75,597,434
burger_4_img_8_2.jpg,768,768,mayonaise,388,307,561,582
burger_4_img_8_2.jpg,768,768,ketchup,96,325,278,597
burger_4_img_8_3.jpg,768,768,mayonaise,412,198,620,498
burger_4_img_8_3.jpg,768,768,ketchup,67,143,287,440
burger_4_img_15_0.jpg,768,768,mustard,398,105,548,388
burger_4_img_15_0.jpg,768,768,ketchup,155,102,314,381
burger_4_img_15_1.jpg,768,768,mustard,315,164,457,441
burger_4_img_15_1.jpg,768,768,ketchup,86,130,236,403
burger_4_img_15_2.jpg,768,768,mustard,285,75,434,408
burger_4_img_15_2.jpg,768,768,ketchup,525,50,682,378
burger_4_img_15_3.jpg,768,768,mustard,222,176,413,462
burger_4_img_15_3.jpg,768,768,ketchup,530,157,732,439
burger_4_img_29_0.jpg,768,768,bun_top,491,106,674,392
burger_4_img_29_1.jpg,768,768,bun_top,390,0,554,303
burger_4_img_29_2.jpg,768,768,bun_top,500,52,706,399
burger_4_img_29_3.jpg,768,768,bun_top,65,85,259,414
burger_4_img_28_0.jpg,768,768,lettuce,248,158,390,479
burger_4_img_28_0.jpg,768,768,beef_patty,461,143,607,452
burger_4_img_28_1.jpg,768,768,lettuce,414,216,565,483
burger_4_img_28_1.jpg,768,768,beef_patty,184,234,337,491
burger_4_img_28_2.jpg,768,768,lettuce,357,112,530,424
burger_4_img_28_2.jpg,768,768,beef_patty,86,121,262,421
burger_4_img_28_3.jpg,768,768,lettuce,359,123,529,429
burger_4_img_28_3.jpg,768,768,beef_patty,89,128,263,421
burger_4_img_14_0.jpg,768,768,mustard,218,105,381,426
burger_4_img_14_0.jpg,768,768,ketchup,477,73,649,388
burger_4_img_14_1.jpg,768,768,mustard,183,136,370,380
burger_4_img_14_1.jpg,768,768,ketchup,481,129,679,369
burger_4_img_14_2.jpg,768,768,mustard,222,172,374,509
burger_4_img_14_2.jpg,768,768,ketchup,460,135,621,467
burger_4_img_14_3.jpg,768,768,mustard,201,220,357,475
burger_4_img_14_3.jpg,768,768,ketchup,454,200,619,450
burger_4_img_9_0.jpg,768,768,mayonaise,216,207,377,518
burger_4_img_9_0.jpg,768,768,ketchup,484,181,654,486
burger_4_img_9_1.jpg,768,768,mayonaise,217,148,364,433
burger_4_img_9_1.jpg,768,768,ketchup,456,113,611,394
burger_4_img_9_2.jpg,768,768,mayonaise,190,101,368,465
burger_4_img_9_2.jpg,768,768,ketchup,472,48,660,406
burger_4_img_9_3.jpg,768,768,mayonaise,209,137,400,470
burger_4_img_9_3.jpg,768,768,ketchup,519,96,721,425
burger_1_img_39_0.jpg,768,768,mustard,491,266,642,482
burger_1_img_39_0.jpg,768,768,cheese,310,212,474,475
burger_1_img_39_1.jpg,768,768,mustard,222,270,356,517
burger_1_img_39_1.jpg,768,768,cheese,370,212,517,512
burger_1_img_39_2.jpg,768,768,mustard,443,264,573,519
burger_1_img_39_2.jpg,768,768,cheese,288,204,430,515
burger_1_img_39_3.jpg,768,768,mustard,148,203,318,489
burger_1_img_39_3.jpg,768,768,cheese,336,134,521,482
burger_1_img_11_0.jpg,768,768,bun,199,287,345,503
burger_1_img_11_0.jpg,768,768,lettuce,374,239,518,462
burger_1_img_11_1.jpg,768,768,bun,274,226,400,483
burger_1_img_11_1.jpg,768,768,lettuce,426,188,550,454
burger_1_img_11_2.jpg,768,768,bun,190,309,334,533
burger_1_img_11_2.jpg,768,768,lettuce,365,264,507,496
burger_1_img_11_3.jpg,768,768,bun,470,220,581,481
burger_1_img_11_3.jpg,768,768,lettuce,340,263,449,534
burger_1_img_6_0.jpg,768,768,bun,392,273,537,511
burger_1_img_6_0.jpg,768,768,mayonaise,185,220,331,462
burger_1_img_6_1.jpg,768,768,bun,210,193,356,484
burger_1_img_6_1.jpg,768,768,mayonaise,414,130,561,425
burger_1_img_6_2.jpg,768,768,bun,423,275,576,496
burger_1_img_6_2.jpg,768,768,mayonaise,202,320,356,545
burger_1_img_6_3.jpg,768,768,bun,395,188,512,420
burger_1_img_6_3.jpg,768,768,mayonaise,223,143,342,379
burger_3_img_14_0.jpg,768,768,mayonaise,145,340,333,624
burger_3_img_14_0.jpg,768,768,ketchup,427,365,628,644
burger_3_img_14_1.jpg,768,768,mayonaise,378,143,566,458
burger_3_img_14_1.jpg,768,768,ketchup,90,131,290,440
burger_3_img_14_2.jpg,768,768,mayonaise,431,128,605,439
burger_3_img_14_2.jpg,768,768,ketchup,164,113,349,419
burger_3_img_14_3.jpg,768,768,mayonaise,148,198,317,456
burger_3_img_14_3.jpg,768,768,ketchup,399,185,579,439
burger_3_img_15_0.jpg,768,768,mayonaise,193,128,329,481
burger_3_img_15_0.jpg,768,768,mustard,391,80,536,427
burger_3_img_15_1.jpg,768,768,mayonaise,184,161,320,417
burger_3_img_15_1.jpg,768,768,mustard,384,146,528,396
burger_3_img_15_2.jpg,768,768,mayonaise,371,166,550,433
burger_3_img_15_2.jpg,768,768,mustard,93,153,284,416
burger_3_img_15_3.jpg,768,768,mayonaise,178,196,316,454
burger_3_img_15_3.jpg,768,768,mustard,387,168,535,421
burger_3_img_17_0.jpg,768,768,mayonaise,215,206,344,495
burger_3_img_17_0.jpg,768,768,mustard,404,186,539,482
burger_3_img_17_1.jpg,768,768,mayonaise,222,157,374,479
burger_3_img_17_1.jpg,768,768,mustard,442,138,602,467
burger_3_img_17_2.jpg,768,768,mayonaise,164,148,320,472
burger_3_img_17_2.jpg,768,768,mustard,383,101,546,432
burger_3_img_17_3.jpg,768,768,mayonaise,481,178,646,468
burger_3_img_17_3.jpg,768,768,mustard,239,137,412,434
burger_3_img_9_0.jpg,768,768,mayonaise,131,177,286,534
burger_3_img_9_0.jpg,768,768,bun,419,168,580,544
burger_3_img_9_1.jpg,768,768,mayonaise,136,211,313,433
burger_3_img_9_1.jpg,768,768,bun,463,216,646,450
burger_3_img_9_2.jpg,768,768,mayonaise,184,188,366,434
burger_3_img_9_2.jpg,768,768,bun,518,155,705,414
burger_3_img_9_3.jpg,768,768,mayonaise,434,134,608,468
burger_3_img_9_3.jpg,768,768,bun,108,133,288,485
burger_3_img_8_0.jpg,768,768,mayonaise,155,250,299,579
burger_3_img_8_0.jpg,768,768,bun,421,256,569,603
burger_3_img_8_1.jpg,768,768,mayonaise,143,191,329,485
burger_3_img_8_1.jpg,768,768,bun,488,166,679,477
burger_3_img_8_2.jpg,768,768,mayonaise,432,311,610,571
burger_3_img_8_2.jpg,768,768,bun,100,287,284,561
burger_3_img_8_3.jpg,768,768,mayonaise,173,224,346,528
burger_3_img_8_3.jpg,768,768,bun,489,191,668,512
burger_3_img_16_0.jpg,768,768,mayonaise,385,144,580,456
burger_3_img_16_0.jpg,768,768,mustard,83,127,291,434
burger_3_img_16_1.jpg,768,768,mayonaise,473,125,611,484
burger_3_img_16_1.jpg,768,768,mustard,269,71,416,424
burger_3_img_16_2.jpg,768,768,mayonaise,201,292,369,619
burger_3_img_16_2.jpg,768,768,mustard,456,331,635,652
burger_3_img_16_3.jpg,768,768,mayonaise,176,122,351,474
burger_3_img_16_3.jpg,768,768,mustard,431,104,617,449
burger_3_img_12_0.jpg,768,768,mayonaise,240,353,375,618
burger_3_img_12_0.jpg,768,768,ketchup,467,391,607,664
burger_3_img_12_1.jpg,768,768,mayonaise,211,174,353,520
burger_3_img_12_1.jpg,768,768,ketchup,448,118,596,476
burger_3_img_12_2.jpg,768,768,mayonaise,179,303,357,593
burger_3_img_12_2.jpg,768,768,ketchup,487,314,671,614
burger_3_img_12_3.jpg,768,768,mayonaise,385,158,545,445
burger_3_img_12_3.jpg,768,768,ketchup,104,135,270,431
burger_3_img_13_0.jpg,768,768,mayonaise,416,182,575,430
burger_3_img_13_0.jpg,768,768,ketchup,162,127,331,371
burger_3_img_13_1.jpg,768,768,mayonaise,410,369,546,650
burger_3_img_13_1.jpg,768,768,ketchup,190,425,335,701
burger_3_img_13_2.jpg,768,768,mayonaise,406,185,555,463
burger_3_img_13_2.jpg,768,768,ketchup,158,144,317,417
burger_3_img_13_3.jpg,768,768,mayonaise,164,238,333,510
burger_3_img_13_3.jpg,768,768,ketchup,425,180,604,447
burger_3_img_11_0.jpg,768,768,mayonaise,402,141,545,399
burger_3_img_11_0.jpg,768,768,ketchup,157,110,306,363
burger_3_img_11_1.jpg,768,768,mayonaise,258,203,386,533
burger_3_img_11_1.jpg,768,768,ketchup,462,149,596,475
burger_3_img_11_2.jpg,768,768,mayonaise,438,355,596,678
burger_3_img_11_2.jpg,768,768,ketchup,175,381,341,699
burger_3_img_11_3.jpg,768,768,mayonaise,154,306,329,570
burger_3_img_11_3.jpg,768,768,ketchup,447,344,631,604
burger_3_img_10_0.jpg,768,768,mayonaise,181,202,344,510
burger_3_img_10_0.jpg,768,768,ketchup,476,210,644,535
burger_3_img_10_1.jpg,768,768,mayonaise,193,109,356,410
burger_3_img_10_1.jpg,768,768,ketchup,488,115,657,432
burger_3_img_10_2.jpg,768,768,mayonaise,221,234,404,483
burger_3_img_10_2.jpg,768,768,ketchup,566,222,755,484
burger_3_img_10_3.jpg,768,768,mayonaise,499,137,663,464
burger_3_img_10_3.jpg,768,768,ketchup,192,110,361,455
burger_3_img_3_0.jpg,768,768,bun,190,133,383,423
burger_3_img_3_0.jpg,768,768,bun,449,127,641,423
burger_3_img_3_1.jpg,768,768,bun,325,81,498,442
burger_3_img_3_1.jpg,768,768,bun,102,67,273,437
burger_3_img_3_2.jpg,768,768,bun,341,74,487,416
burger_3_img_3_2.jpg,768,768,bun,533,89,678,440
burger_3_img_3_3.jpg,768,768,bun,228,81,377,467
burger_3_img_3_3.jpg,768,768,bun,428,83,575,480
burger_3_img_21_0.jpg,768,768,mayonaise,414,159,639,477
burger_3_img_21_0.jpg,768,768,tomatoes,108,95,331,442
burger_3_img_21_1.jpg,768,768,mayonaise,200,363,340,715
burger_3_img_21_1.jpg,768,768,tomatoes,388,366,528,750
burger_3_img_21_2.jpg,768,768,mayonaise,186,186,364,464
burger_3_img_21_2.jpg,768,768,tomatoes,428,169,605,472
burger_3_img_21_3.jpg,768,768,mayonaise,167,143,338,507
burger_3_img_21_3.jpg,768,768,tomatoes,399,110,569,506
burger_3_img_20_0.jpg,768,768,mayonaise,234,218,380,480
burger_3_img_20_0.jpg,768,768,tomatoes,436,190,581,475
burger_3_img_20_1.jpg,768,768,mayonaise,368,263,557,506
burger_3_img_20_1.jpg,768,768,tomatoes,103,228,290,493
burger_3_img_20_2.jpg,768,768,mayonaise,463,272,670,569
burger_3_img_20_2.jpg,768,768,tomatoes,184,310,389,632
burger_3_img_20_3.jpg,768,768,mayonaise,370,168,524,443
burger_3_img_20_3.jpg,768,768,tomatoes,161,150,315,449
burger_3_img_2_0.jpg,768,768,bun,266,184,463,467
burger_3_img_2_0.jpg,768,768,bun,534,181,735,472
burger_3_img_2_1.jpg,768,768,bun,327,334,476,629
burger_3_img_2_1.jpg,768,768,bun,129,335,280,639
burger_3_img_2_2.jpg,768,768,bun,274,397,464,650
burger_3_img_2_2.jpg,768,768,bun,536,383,729,644
burger_3_img_2_3.jpg,768,768,bun,308,320,472,621
burger_3_img_2_3.jpg,768,768,bun,80,308,246,618
burger_1_img_40_0.jpg,768,768,bun_top,245,233,383,494
burger_1_img_40_1.jpg,768,768,bun_top,245,281,409,611
burger_1_img_40_2.jpg,768,768,bun_top,309,167,488,462
burger_1_img_40_3.jpg,768,768,bun_top,243,162,395,445
burger_3_img_22_0.jpg,768,768,mayonaise,214,126,365,465
burger_3_img_22_0.jpg,768,768,beef_patty,426,77,575,447
burger_3_img_22_1.jpg,768,768,mayonaise,421,177,562,470
burger_3_img_22_1.jpg,768,768,beef_patty,229,147,369,467
burger_3_img_22_2.jpg,768,768,mayonaise,183,190,356,488
burger_3_img_22_2.jpg,768,768,beef_patty,424,141,595,466
burger_3_img_22_3.jpg,768,768,mayonaise,196,182,365,452
burger_3_img_22_3.jpg,768,768,beef_patty,429,160,597,454
burger_3_img_1_0.jpg,768,768,bun,308,127,463,465
burger_3_img_1_0.jpg,768,768,bun,519,109,674,446
burger_3_img_1_1.jpg,768,768,bun,358,347,543,707
burger_3_img_1_1.jpg,768,768,bun,100,325,286,685
burger_3_img_1_2.jpg,768,768,bun,283,158,467,433
burger_3_img_1_2.jpg,768,768,bun,539,176,725,451
burger_3_img_1_3.jpg,768,768,bun,239,302,402,552
burger_3_img_1_3.jpg,768,768,bun,471,296,634,545
burger_1_img_41_0.jpg,768,768,bun_top,274,121,449,407
burger_1_img_41_1.jpg,768,768,bun_top,345,160,491,433
burger_1_img_41_2.jpg,768,768,bun_top,269,190,447,451
burger_1_img_41_3.jpg,768,768,bun_top,297,144,488,398
burger_3_img_5_0.jpg,768,768,mayonaise,279,135,457,455
burger_3_img_5_0.jpg,768,768,bun,26,128,211,460
burger_3_img_5_1.jpg,768,768,mayonaise,259,132,398,412
burger_3_img_5_1.jpg,768,768,bun,451,128,596,420
burger_3_img_5_2.jpg,768,768,mayonaise,352,145,536,425
burger_3_img_5_2.jpg,768,768,bun,93,130,285,421
burger_3_img_5_3.jpg,768,768,mayonaise,256,112,412,470
burger_3_img_5_3.jpg,768,768,bun,463,97,625,468
burger_3_img_4_0.jpg,768,768,bun,257,136,409,490
burger_3_img_4_0.jpg,768,768,bun,464,131,622,504
burger_3_img_4_1.jpg,768,768,bun,233,104,403,433
burger_3_img_4_1.jpg,768,768,bun,465,98,641,445
burger_3_img_4_2.jpg,768,768,bun,251,104,420,416
burger_3_img_4_2.jpg,768,768,bun,485,103,661,433
burger_3_img_4_3.jpg,768,768,bun,313,105,451,415
burger_3_img_4_3.jpg,768,768,bun,116,104,260,431
burger_3_img_24_0.jpg,768,768,bun_top,174,198,374,489
burger_3_img_24_1.jpg,768,768,bun_top,465,133,684,428
burger_3_img_24_2.jpg,768,768,bun_top,200,317,385,682
burger_3_img_24_3.jpg,768,768,bun_top,192,139,380,441
burger_3_img_18_0.jpg,768,768,mayonaise,392,181,535,440
burger_3_img_18_0.jpg,768,768,lettuce,180,136,328,414
burger_3_img_18_1.jpg,768,768,mayonaise,208,228,378,464
burger_3_img_18_1.jpg,768,768,lettuce,457,187,635,440
burger_3_img_18_2.jpg,768,768,mayonaise,246,130,381,420
burger_3_img_18_2.jpg,768,768,lettuce,438,106,580,418
burger_3_img_18_3.jpg,768,768,mayonaise,443,311,615,625
burger_3_img_18_3.jpg,768,768,lettuce,188,311,368,650
burger_3_img_6_0.jpg,768,768,mayonaise,383,168,572,434
burger_3_img_6_0.jpg,768,768,bun,108,126,289,415
burger_3_img_6_1.jpg,768,768,mayonaise,185,254,377,477
burger_3_img_6_1.jpg,768,768,bun,470,214,655,454
burger_3_img_6_2.jpg,768,768,mayonaise,278,196,432,457
burger_3_img_6_2.jpg,768,768,bun,506,163,655,444
burger_3_img_6_3.jpg,768,768,mayonaise,243,167,427,445
burger_3_img_6_3.jpg,768,768,bun,516,119,693,419
burger_3_img_7_0.jpg,768,768,mayonaise,128,217,331,497
burger_3_img_7_0.jpg,768,768,bun,499,232,709,528
burger_3_img_7_1.jpg,768,768,mayonaise,396,196,577,441
burger_3_img_7_1.jpg,768,768,bun,54,203,242,461
burger_3_img_7_2.jpg,768,768,mayonaise,224,159,394,468
burger_3_img_7_2.jpg,768,768,bun,538,132,713,458
burger_3_img_7_3.jpg,768,768,mayonaise,376,142,535,472
burger_3_img_7_3.jpg,768,768,bun,82,146,247,494
burger_3_img_19_0.jpg,768,768,mayonaise,156,167,317,424
burger_3_img_19_0.jpg,768,768,lettuce,391,145,560,422
burger_3_img_19_1.jpg,768,768,mayonaise,197,195,350,499
burger_3_img_19_1.jpg,768,768,lettuce,420,144,580,472
burger_3_img_19_2.jpg,768,768,mayonaise,409,197,576,458
burger_3_img_19_2.jpg,768,768,lettuce,159,149,333,430
burger_3_img_19_3.jpg,768,768,mayonaise,372,231,545,469
burger_3_img_19_3.jpg,768,768,lettuce,106,200,287,457
burger_2_img_12_0.jpg,768,768,mustard,101,246,257,471
burger_2_img_12_0.jpg,768,768,tomatoes,287,190,442,443
burger_2_img_12_1.jpg,768,768,mustard,114,205,247,455
burger_2_img_12_1.jpg,768,768,tomatoes,278,155,410,438
burger_2_img_12_2.jpg,768,768,mustard,480,198,614,485
burger_2_img_12_2.jpg,768,768,tomatoes,322,153,455,477
burger_2_img_12_3.jpg,768,768,mustard,516,202,653,471
burger_2_img_12_3.jpg,768,768,tomatoes,355,138,492,441
burger_2_img_3_0.jpg,768,768,mustard,459,170,603,414
burger_2_img_3_0.jpg,768,768,lettuce,300,155,438,386
burger_2_img_3_1.jpg,768,768,mustard,169,259,299,525
burger_2_img_3_1.jpg,768,768,lettuce,320,285,446,535
burger_2_img_3_2.jpg,768,768,mustard,169,304,281,529
burger_2_img_3_2.jpg,768,768,lettuce,302,321,411,532
burger_2_img_3_3.jpg,768,768,mustard,505,204,646,412
burger_2_img_3_3.jpg,768,768,lettuce,344,195,481,391
burger_1_img_20_0.jpg,768,768,ketchup,396,207,561,488
burger_1_img_20_0.jpg,768,768,lettuce,177,129,358,443
burger_1_img_20_1.jpg,768,768,ketchup,190,301,361,586
burger_1_img_20_1.jpg,768,768,lettuce,391,199,579,517
burger_1_img_20_2.jpg,768,768,ketchup,161,278,309,485
burger_1_img_20_2.jpg,768,768,lettuce,343,321,506,552
burger_1_img_20_3.jpg,768,768,ketchup,416,241,537,510
burger_1_img_20_3.jpg,768,768,lettuce,264,301,397,602
burger_1_img_34_0.jpg,768,768,mustard,468,313,619,529
burger_1_img_34_0.jpg,768,768,beef_patty,283,268,452,505
burger_1_img_34_1.jpg,768,768,mustard,429,284,557,501
burger_1_img_34_1.jpg,768,768,beef_patty,274,240,416,478
burger_1_img_34_2.jpg,768,768,mustard,195,261,336,481
burger_1_img_34_2.jpg,768,768,beef_patty,347,226,506,467
burger_1_img_34_3.jpg,768,768,mustard,206,196,331,486
burger_1_img_34_3.jpg,768,768,beef_patty,334,127,474,444
burger_4_img_4_0.jpg,768,768,bun,350,114,539,389
burger_4_img_4_0.jpg,768,768,ketchup,46,117,245,389
burger_4_img_4_1.jpg,768,768,bun,277,353,414,651
burger_4_img_4_1.jpg,768,768,ketchup,495,336,640,629
burger_4_img_4_2.jpg,768,768,bun,349,57,498,378
burger_4_img_4_2.jpg,768,768,ketchup,106,96,262,413
burger_4_img_4_3.jpg,768,768,bun,221,104,369,431
burger_4_img_4_3.jpg,768,768,ketchup,447,159,602,481
burger_4_img_19_0.jpg,768,768,lettuce,214,382,401,652
burger_4_img_19_0.jpg,768,768,tomatoes,502,373,692,632
burger_4_img_19_1.jpg,768,768,lettuce,452,108,646,429
burger_4_img_19_1.jpg,768,768,tomatoes,148,125,346,433
burger_4_img_19_2.jpg,768,768,lettuce,321,141,496,464
burger_4_img_19_2.jpg,768,768,tomatoes,46,152,224,462
burger_4_img_19_3.jpg,768,768,lettuce,357,394,542,722
burger_4_img_19_3.jpg,768,768,tomatoes,65,393,254,708
burger_4_img_25_0.jpg,768,768,lettuce,357,322,503,684
burger_4_img_25_0.jpg,768,768,onions,129,340,278,687
burger_4_img_25_1.jpg,768,768,lettuce,376,78,570,465
burger_4_img_25_1.jpg,768,768,onions,79,65,276,436
burger_4_img_25_2.jpg,768,768,lettuce,199,94,401,449
burger_4_img_25_2.jpg,768,768,onions,517,96,723,436
burger_4_img_25_3.jpg,768,768,lettuce,410,147,595,469
burger_4_img_25_3.jpg,768,768,onions,119,153,307,462
burger_4_img_30_0.jpg,768,768,bun_top,461,106,614,382
burger_4_img_30_1.jpg,768,768,bun_top,421,32,614,370
burger_4_img_30_2.jpg,768,768,bun_top,372,107,551,404
burger_4_img_30_3.jpg,768,768,bun_top,197,0,358,328
burger_4_img_24_0.jpg,768,768,lettuce,228,170,400,501
burger_4_img_24_0.jpg,768,768,onions,493,164,669,482
burger_4_img_24_1.jpg,768,768,lettuce,240,108,406,457
burger_4_img_24_1.jpg,768,768,onions,487,134,656,469
burger_4_img_24_2.jpg,768,768,lettuce,174,92,381,477
burger_4_img_24_2.jpg,768,768,onions,494,83,705,453
burger_4_img_24_3.jpg,768,768,lettuce,278,132,453,450
burger_4_img_24_3.jpg,768,768,onions,547,122,726,427
burger_4_img_18_0.jpg,768,768,lettuce,256,302,395,581
burger_4_img_18_0.jpg,768,768,ketchup,464,290,606,558
burger_4_img_18_1.jpg,768,768,lettuce,205,207,415,490
burger_4_img_18_1.jpg,768,768,ketchup,534,215,748,486
burger_4_img_18_2.jpg,768,768,lettuce,346,324,548,669
burger_4_img_18_2.jpg,768,768,ketchup,33,315,239,646
burger_4_img_18_3.jpg,768,768,lettuce,210,119,359,408
burger_4_img_18_3.jpg,768,768,ketchup,441,122,593,399
burger_4_img_5_0.jpg,768,768,bun,332,146,510,422
burger_4_img_5_0.jpg,768,768,ketchup,43,191,230,463
burger_4_img_5_1.jpg,768,768,bun,406,386,578,722
burger_4_img_5_1.jpg,768,768,ketchup,131,380,313,711
burger_4_img_5_2.jpg,768,768,bun,215,306,408,621
burger_4_img_5_2.jpg,768,768,ketchup,523,288,728,599
burger_4_img_5_3.jpg,768,768,bun,184,96,348,401
burger_4_img_5_3.jpg,768,768,ketchup,435,151,608,452
burger_1_img_35_0.jpg,768,768,mustard,105,253,277,513
burger_1_img_35_0.jpg,768,768,beef_patty,290,194,477,469
burger_1_img_35_1.jpg,768,768,mustard,419,259,589,515
burger_1_img_35_1.jpg,768,768,beef_patty,224,212,409,483
burger_1_img_35_2.jpg,768,768,mustard,159,206,295,480
burger_1_img_35_2.jpg,768,768,beef_patty,299,133,447,421
burger_1_img_35_3.jpg,768,768,mustard,416,255,579,513
burger_1_img_35_3.jpg,768,768,beef_patty,228,190,405,461
burger_1_img_21_0.jpg,768,768,ketchup,469,219,617,433
burger_1_img_21_0.jpg,768,768,lettuce,277,273,445,509
burger_1_img_21_1.jpg,768,768,ketchup,237,243,352,474
burger_1_img_21_1.jpg,768,768,lettuce,374,181,504,434
burger_1_img_21_2.jpg,768,768,ketchup,395,274,508,515
burger_1_img_21_2.jpg,768,768,lettuce,246,199,374,463
burger_1_img_21_3.jpg,768,768,ketchup,439,293,591,518
burger_1_img_21_3.jpg,768,768,lettuce,235,231,407,478
burger_2_img_2_0.jpg,768,768,mustard,106,149,279,416
burger_2_img_2_0.jpg,768,768,lettuce,313,156,485,420
burger_2_img_2_1.jpg,768,768,mustard,68,303,229,568
burger_2_img_2_1.jpg,768,768,lettuce,267,317,427,580
burger_2_img_2_2.jpg,768,768,mustard,83,244,246,461
burger_2_img_2_2.jpg,768,768,lettuce,284,233,445,448
burger_2_img_2_3.jpg,768,768,mustard,526,192,679,429
burger_2_img_2_3.jpg,768,768,lettuce,341,175,493,410
burger_2_img_13_0.jpg,768,768,beef_patty,194,200,317,386
burger_2_img_13_0.jpg,768,768,tomatoes,346,193,472,388
burger_2_img_13_1.jpg,768,768,beef_patty,55,337,213,579
burger_2_img_13_1.jpg,768,768,tomatoes,247,362,409,614
burger_2_img_13_2.jpg,768,768,beef_patty,109,128,259,412
burger_2_img_13_2.jpg,768,768,tomatoes,293,116,446,412
burger_2_img_13_3.jpg,768,768,beef_patty,524,241,659,501
burger_2_img_13_3.jpg,768,768,tomatoes,353,221,490,492
burger_2_img_11_0.jpg,768,768,mustard,476,347,609,653
burger_2_img_11_0.jpg,768,768,tomatoes,308,374,449,707
burger_2_img_11_1.jpg,768,768,mustard,43,81,204,361
burger_2_img_11_1.jpg,768,768,tomatoes,238,51,410,356
burger_2_img_11_2.jpg,768,768,mustard,66,272,221,562
burger_2_img_11_2.jpg,768,768,tomatoes,257,285,422,601
burger_2_img_11_3.jpg,768,768,mustard,136,339,280,616
burger_2_img_11_3.jpg,768,768,tomatoes,310,364,464,666
burger_1_img_8_0.jpg,768,768,bun,196,329,356,555
burger_1_img_8_0.jpg,768,768,mayonaise,390,277,550,500
burger_1_img_8_1.jpg,768,768,bun,420,256,574,526
burger_1_img_8_1.jpg,768,768,mayonaise,233,318,387,584
burger_1_img_8_2.jpg,768,768,bun,179,316,311,503
burger_1_img_8_2.jpg,768,768,mayonaise,345,282,477,465
burger_1_img_8_3.jpg,768,768,bun,191,292,300,486
burger_1_img_8_3.jpg,768,768,mayonaise,326,262,435,452
burger_1_img_37_0.jpg,768,768,mustard,453,262,584,463
burger_1_img_37_0.jpg,768,768,cheese,290,203,438,427
burger_1_img_37_1.jpg,768,768,mustard,222,230,379,432
burger_1_img_37_1.jpg,768,768,cheese,397,170,572,395
burger_1_img_37_2.jpg,768,768,mustard,152,245,315,481
burger_1_img_37_2.jpg,768,768,cheese,332,173,515,436
burger_1_img_37_3.jpg,768,768,mustard,204,227,329,507
burger_1_img_37_3.jpg,768,768,cheese,342,142,482,454
burger_1_img_23_0.jpg,768,768,ketchup,404,207,550,490
burger_1_img_23_0.jpg,768,768,lettuce,223,144,385,445
burger_1_img_23_1.jpg,768,768,ketchup,217,192,382,503
burger_1_img_23_1.jpg,768,768,lettuce,396,113,580,445
burger_1_img_23_2.jpg,768,768,ketchup,137,178,311,428
burger_1_img_23_2.jpg,768,768,lettuce,331,140,524,406
burger_1_img_23_3.jpg,768,768,ketchup,171,294,328,536
burger_1_img_23_3.jpg,768,768,lettuce,348,335,522,593
burger_4_img_7_0.jpg,768,768,mayonaise,244,206,397,495
burger_4_img_7_0.jpg,768,768,ketchup,501,186,663,471
burger_4_img_7_1.jpg,768,768,mayonaise,360,199,532,486
burger_4_img_7_1.jpg,768,768,ketchup,65,183,246,466
burger_4_img_7_2.jpg,768,768,mayonaise,440,135,617,465
burger_4_img_7_2.jpg,768,768,ketchup,147,131,333,455
burger_4_img_7_3.jpg,768,768,mayonaise,439,146,632,408
burger_4_img_7_3.jpg,768,768,ketchup,114,93,317,352
burger_4_img_26_0.jpg,768,768,lettuce,368,217,515,487
burger_4_img_26_0.jpg,768,768,onions,144,201,294,461
burger_4_img_26_1.jpg,768,768,lettuce,130,180,323,531
burger_4_img_26_1.jpg,768,768,onions,430,177,627,514
burger_4_img_26_2.jpg,768,768,lettuce,374,125,571,468
burger_4_img_26_2.jpg,768,768,onions,63,121,264,450
burger_4_img_26_3.jpg,768,768,lettuce,275,204,422,458
burger_4_img_26_3.jpg,768,768,onions,505,206,655,450
burger_4_img_27_0.jpg,768,768,lettuce,362,172,548,475
burger_4_img_27_0.jpg,768,768,beef_patty,80,198,268,489
burger_4_img_27_1.jpg,768,768,lettuce,382,196,525,447
burger_4_img_27_1.jpg,768,768,beef_patty,154,198,300,439
burger_4_img_27_2.jpg,768,768,lettuce,368,125,546,401
burger_4_img_27_2.jpg,768,768,beef_patty,97,147,278,412
burger_4_img_27_3.jpg,768,768,lettuce,252,194,430,432
burger_4_img_27_3.jpg,768,768,beef_patty,528,202,709,432
burger_4_img_6_0.jpg,768,768,mayonaise,202,95,345,441
burger_4_img_6_0.jpg,768,768,ketchup,431,135,583,475
burger_4_img_6_1.jpg,768,768,mayonaise,216,47,370,346
burger_4_img_6_1.jpg,768,768,ketchup,452,98,615,393
burger_4_img_6_2.jpg,768,768,mayonaise,246,92,378,371
burger_4_img_6_2.jpg,768,768,ketchup,451,134,589,408
burger_4_img_6_3.jpg,768,768,mayonaise,246,192,422,449
burger_4_img_6_3.jpg,768,768,ketchup,523,236,708,489
burger_1_img_22_0.jpg,768,768,ketchup,437,280,556,487
burger_1_img_22_0.jpg,768,768,lettuce,279,222,411,446
burger_1_img_22_1.jpg,768,768,ketchup,137,241,308,489
burger_1_img_22_1.jpg,768,768,lettuce,339,161,530,431
burger_1_img_22_2.jpg,768,768,ketchup,431,287,584,520
burger_1_img_22_2.jpg,768,768,lettuce,227,333,398,586
burger_1_img_22_3.jpg,768,768,ketchup,224,190,356,461
burger_1_img_22_3.jpg,768,768,lettuce,378,131,524,425
burger_1_img_36_0.jpg,768,768,mustard,192,279,314,538
burger_1_img_36_0.jpg,768,768,beef_patty,326,207,466,530
burger_1_img_36_1.jpg,768,768,mustard,167,232,322,507
burger_1_img_36_1.jpg,768,768,beef_patty,335,161,513,504
burger_1_img_36_2.jpg,768,768,mustard,399,237,527,483
burger_1_img_36_2.jpg,768,768,beef_patty,243,175,389,482
burger_1_img_36_3.jpg,768,768,mustard,441,295,578,530
burger_1_img_36_3.jpg,768,768,beef_patty,269,227,426,522
burger_1_img_9_0.jpg,768,768,bun,207,287,330,498
burger_1_img_9_0.jpg,768,768,tomatoes,359,254,479,458
burger_1_img_9_1.jpg,768,768,bun,388,233,517,535
burger_1_img_9_1.jpg,768,768,tomatoes,236,193,362,484
burger_1_img_9_2.jpg,768,768,bun,445,297,553,505
burger_1_img_9_2.jpg,768,768,tomatoes,313,262,419,463
burger_1_img_9_3.jpg,768,768,bun,196,277,327,484
burger_1_img_9_3.jpg,768,768,tomatoes,358,320,485,519
burger_2_img_1_0.jpg,768,768,mayonaise,367,209,507,399
burger_2_img_1_1.jpg,768,768,mayonaise,277,195,419,396
burger_2_img_1_2.jpg,768,768,mayonaise,379,206,502,428
burger_2_img_1_3.jpg,768,768,mayonaise,313,156,436,444
burger_2_img_10_0.jpg,768,768,mustard,466,301,581,561
burger_2_img_10_0.jpg,768,768,tomatoes,326,322,442,547
burger_2_img_10_1.jpg,768,768,mustard,121,345,267,572
burger_2_img_10_1.jpg,768,768,tomatoes,294,347,441,545
burger_2_img_10_2.jpg,768,768,mustard,155,163,299,455
burger_2_img_10_2.jpg,768,768,tomatoes,324,168,468,423
burger_2_img_10_3.jpg,768,768,mustard,148,228,271,474
burger_2_img_10_3.jpg,768,768,tomatoes,293,233,417,448
burger_2_img_5_0.jpg,768,768,mustard,88,223,227,449
burger_2_img_5_0.jpg,768,768,lettuce,252,193,399,458
burger_2_img_5_1.jpg,768,768,mustard,495,192,646,486
burger_2_img_5_1.jpg,768,768,lettuce,311,154,472,498
burger_2_img_5_2.jpg,768,768,mustard,478,255,625,497
burger_2_img_5_2.jpg,768,768,lettuce,300,194,456,477
burger_2_img_5_3.jpg,768,768,mustard,149,269,294,456
burger_2_img_5_3.jpg,768,768,lettuce,321,241,474,460
burger_2_img_14_0.jpg,768,768,beef_patty,504,265,630,547
burger_2_img_14_0.jpg,768,768,tomatoes,354,276,477,546
burger_2_img_14_1.jpg,768,768,beef_patty,459,261,590,488
burger_2_img_14_1.jpg,768,768,tomatoes,303,267,432,485
burger_2_img_14_2.jpg,768,768,beef_patty,506,152,627,409
burger_2_img_14_2.jpg,768,768,tomatoes,361,151,480,398
burger_2_img_14_3.jpg,768,768,beef_patty,84,381,259,610
burger_2_img_14_3.jpg,768,768,tomatoes,296,385,468,604
burger_1_img_32_0.jpg,768,768,mustard,192,279,366,502
burger_1_img_32_0.jpg,768,768,beef_patty,383,229,571,497
burger_1_img_32_1.jpg,768,768,mustard,193,277,326,499
burger_1_img_32_1.jpg,768,768,beef_patty,333,212,477,478
burger_1_img_32_2.jpg,768,768,mustard,155,306,286,537
burger_1_img_32_2.jpg,768,768,beef_patty,296,322,438,600
burger_1_img_32_3.jpg,768,768,mustard,413,280,532,507
burger_1_img_32_3.jpg,768,768,beef_patty,276,236,405,508
burger_1_img_26_0.jpg,768,768,ketchup,227,221,373,494
burger_1_img_26_0.jpg,768,768,lettuce,401,151,555,448
burger_1_img_26_1.jpg,768,768,ketchup,222,273,357,529
burger_1_img_26_1.jpg,768,768,lettuce,379,199,522,478
burger_1_img_26_2.jpg,768,768,ketchup,398,292,534,550
burger_1_img_26_2.jpg,768,768,lettuce,231,218,375,498
burger_1_img_26_3.jpg,768,768,ketchup,217,246,330,516
burger_1_img_26_3.jpg,768,768,lettuce,349,182,469,476
burger_4_img_2_0.jpg,768,768,bun,367,134,527,409
burger_4_img_2_0.jpg,768,768,bun,110,145,278,417
burger_4_img_2_1.jpg,768,768,bun,190,53,373,341
burger_4_img_2_1.jpg,768,768,bun,478,69,671,352
burger_4_img_2_2.jpg,768,768,bun,212,91,370,387
burger_4_img_2_2.jpg,768,768,bun,456,142,622,434
burger_4_img_2_3.jpg,768,768,bun,257,174,425,405
burger_4_img_2_3.jpg,768,768,bun,527,204,704,431
burger_4_img_23_0.jpg,768,768,lettuce,312,146,445,397
burger_4_img_23_0.jpg,768,768,onions,521,151,657,392
burger_4_img_23_1.jpg,768,768,lettuce,330,199,492,492
burger_4_img_23_1.jpg,768,768,onions,76,211,241,491
burger_4_img_23_2.jpg,768,768,lettuce,167,128,359,432
burger_4_img_23_2.jpg,768,768,onions,456,156,651,448
burger_4_img_23_3.jpg,768,768,lettuce,176,372,349,638
burger_4_img_23_3.jpg,768,768,onions,442,365,619,620
burger_4_img_22_0.jpg,768,768,lettuce,373,109,557,393
burger_4_img_22_0.jpg,768,768,onions,83,102,271,374
burger_4_img_22_1.jpg,768,768,lettuce,363,124,539,470
burger_4_img_22_1.jpg,768,768,onions,86,136,266,467
burger_4_img_22_2.jpg,768,768,lettuce,206,290,394,608
burger_4_img_22_2.jpg,768,768,onions,488,324,679,630
burger_4_img_22_3.jpg,768,768,lettuce,227,165,386,470
burger_4_img_22_3.jpg,768,768,onions,478,170,640,463
burger_4_img_3_0.jpg,768,768,bun,213,43,406,330
burger_4_img_3_0.jpg,768,768,ketchup,522,79,725,362
burger_4_img_3_1.jpg,768,768,bun,329,76,518,387
burger_4_img_3_1.jpg,768,768,ketchup,21,94,220,400
burger_4_img_3_2.jpg,768,768,bun,401,143,553,405
burger_4_img_3_2.jpg,768,768,ketchup,154,191,315,449
burger_4_img_3_3.jpg,768,768,bun,436,117,623,386
burger_4_img_3_3.jpg,768,768,ketchup,123,147,321,411
burger_1_img_27_0.jpg,768,768,ketchup,229,204,349,480
burger_1_img_27_0.jpg,768,768,lettuce,358,113,489,414
burger_1_img_27_1.jpg,768,768,ketchup,379,249,515,510
burger_1_img_27_1.jpg,768,768,lettuce,220,162,367,446
burger_1_img_27_2.jpg,768,768,ketchup,180,246,295,506
burger_1_img_27_2.jpg,768,768,lettuce,311,178,436,460
burger_1_img_27_3.jpg,768,768,ketchup,393,270,505,525
burger_1_img_27_3.jpg,768,768,lettuce,257,191,379,469
burger_1_img_33_0.jpg,768,768,mustard,473,257,631,517
burger_1_img_33_0.jpg,768,768,beef_patty,288,282,461,590
burger_1_img_33_1.jpg,768,768,mustard,396,224,523,505
burger_1_img_33_1.jpg,768,768,beef_patty,243,166,383,500
burger_1_img_33_2.jpg,768,768,mustard,417,274,534,482
burger_1_img_33_2.jpg,768,768,beef_patty,280,215,409,462
burger_1_img_33_3.jpg,768,768,mustard,456,245,617,523
burger_1_img_33_3.jpg,768,768,beef_patty,267,171,443,500
burger_2_img_15_0.jpg,768,768,cheese,512,192,656,477
burger_2_img_15_0.jpg,768,768,tomatoes,348,174,485,454
burger_2_img_15_1.jpg,768,768,cheese,537,241,719,446
burger_2_img_15_1.jpg,768,768,tomatoes,334,216,507,418
burger_2_img_15_2.jpg,768,768,cheese,169,176,330,489
burger_2_img_15_2.jpg,768,768,tomatoes,358,154,510,462
burger_2_img_15_3.jpg,768,768,cheese,513,156,675,414
burger_2_img_15_3.jpg,768,768,tomatoes,328,142,481,396
burger_2_img_4_0.jpg,768,768,mustard,111,219,248,456
burger_2_img_4_0.jpg,768,768,lettuce,273,214,418,439
burger_2_img_4_1.jpg,768,768,mustard,517,329,636,527
burger_2_img_4_1.jpg,768,768,lettuce,368,341,494,529
burger_2_img_4_2.jpg,768,768,mustard,130,208,250,484
burger_2_img_4_2.jpg,768,768,lettuce,267,216,393,480
burger_2_img_4_3.jpg,768,768,mustard,47,216,192,423
burger_2_img_4_3.jpg,768,768,lettuce,220,219,373,416
burger_2_img_6_0.jpg,768,768,mustard,111,286,270,486
burger_2_img_6_0.jpg,768,768,lettuce,293,245,454,474
burger_2_img_6_1.jpg,768,768,mustard,501,201,618,424
burger_2_img_6_1.jpg,768,768,lettuce,368,153,487,409
burger_2_img_6_2.jpg,768,768,mustard,94,255,263,487
burger_2_img_6_2.jpg,768,768,lettuce,290,210,462,476
burger_2_img_6_3.jpg,768,768,mustard,527,224,670,492
burger_2_img_6_3.jpg,768,768,lettuce,362,170,507,478
burger_2_img_17_0.jpg,768,768,cheese,488,151,653,420
burger_2_img_17_0.jpg,768,768,tomatoes,302,150,456,399
burger_2_img_17_1.jpg,768,768,cheese,80,216,250,465
burger_2_img_17_1.jpg,768,768,tomatoes,285,210,445,442
burger_2_img_17_2.jpg,768,768,cheese,72,279,234,495
burger_2_img_17_2.jpg,768,768,tomatoes,261,259,413,460
burger_2_img_17_3.jpg,768,768,cheese,472,250,623,514
burger_2_img_17_3.jpg,768,768,tomatoes,309,229,450,474
burger_1_img_25_0.jpg,768,768,ketchup,274,183,395,443
burger_1_img_25_0.jpg,768,768,lettuce,409,145,539,420
burger_1_img_25_1.jpg,768,768,ketchup,399,265,550,514
burger_1_img_25_1.jpg,768,768,lettuce,212,217,373,480
burger_1_img_25_2.jpg,768,768,ketchup,468,276,611,536
burger_1_img_25_2.jpg,768,768,lettuce,292,232,446,507
burger_1_img_25_3.jpg,768,768,ketchup,391,273,549,533
burger_1_img_25_3.jpg,768,768,lettuce,201,210,370,485
burger_1_img_31_0.jpg,768,768,ketchup,276,265,389,542
burger_1_img_31_0.jpg,768,768,beef_patty,395,200,525,502
burger_1_img_31_1.jpg,768,768,ketchup,219,276,359,569
burger_1_img_31_1.jpg,768,768,beef_patty,367,217,528,536
burger_1_img_31_2.jpg,768,768,ketchup,236,317,346,543
burger_1_img_31_2.jpg,768,768,beef_patty,352,275,478,520
burger_1_img_31_3.jpg,768,768,ketchup,425,275,559,545
burger_1_img_31_3.jpg,768,768,beef_patty,261,223,417,517
burger_1_img_19_0.jpg,768,768,ketchup,201,273,334,471
burger_1_img_19_0.jpg,768,768,lettuce,363,229,491,439
burger_1_img_19_1.jpg,768,768,ketchup,201,285,351,523
burger_1_img_19_1.jpg,768,768,lettuce,378,223,521,475
burger_1_img_19_2.jpg,768,768,ketchup,479,266,650,480
burger_1_img_19_2.jpg,768,768,lettuce,283,308,446,534
burger_1_img_19_3.jpg,768,768,ketchup,210,272,345,467
burger_1_img_19_3.jpg,768,768,lettuce,371,223,500,429
burger_4_img_1_0.jpg,768,768,bun,160,397,351,655
burger_4_img_1_0.jpg,768,768,bun,465,361,668,615
burger_4_img_1_1.jpg,768,768,bun,370,49,580,383
burger_4_img_1_1.jpg,768,768,bun,33,56,254,385
burger_4_img_1_2.jpg,768,768,bun,358,162,502,407
burger_4_img_1_2.jpg,768,768,bun,125,205,278,447
burger_4_img_1_3.jpg,768,768,bun,239,107,404,370
burger_4_img_1_3.jpg,768,768,bun,501,147,676,406
burger_4_img_20_0.jpg,768,768,lettuce,344,164,513,443
burger_4_img_20_0.jpg,768,768,tomatoes,81,179,253,447
burger_4_img_20_1.jpg,768,768,lettuce,251,79,405,463
burger_4_img_20_1.jpg,768,768,tomatoes,482,99,639,469
burger_4_img_20_2.jpg,768,768,lettuce,218,118,431,463
burger_4_img_20_2.jpg,768,768,tomatoes,549,111,766,441
burger_4_img_20_3.jpg,768,768,lettuce,193,184,372,469
burger_4_img_20_3.jpg,768,768,tomatoes,470,175,652,449
burger_4_img_21_0.jpg,768,768,lettuce,213,81,402,406
burger_4_img_21_0.jpg,768,768,tomatoes,509,81,702,392
burger_4_img_21_1.jpg,768,768,lettuce,364,95,555,414
burger_4_img_21_1.jpg,768,768,tomatoes,66,115,261,421
burger_4_img_21_2.jpg,768,768,lettuce,349,121,507,446
burger_4_img_21_2.jpg,768,768,tomatoes,105,108,267,420
burger_4_img_21_3.jpg,768,768,lettuce,162,149,327,464
burger_4_img_21_3.jpg,768,768,tomatoes,420,156,587,458
burger_1_img_18_0.jpg,768,768,ketchup,238,255,360,492
burger_1_img_18_0.jpg,768,768,lettuce,392,198,525,449
burger_1_img_18_1.jpg,768,768,ketchup,408,200,557,435
burger_1_img_18_1.jpg,768,768,lettuce,212,257,374,506
burger_1_img_18_2.jpg,768,768,ketchup,415,246,568,475
burger_1_img_18_2.jpg,768,768,lettuce,211,198,377,441
burger_1_img_18_3.jpg,768,768,ketchup,444,315,568,498
burger_1_img_18_3.jpg,768,768,lettuce,275,267,411,461
burger_1_img_30_0.jpg,768,768,ketchup,415,297,579,523
burger_1_img_30_0.jpg,768,768,beef_patty,204,226,387,476
burger_1_img_30_1.jpg,768,768,ketchup,210,241,376,462
burger_1_img_30_1.jpg,768,768,beef_patty,401,157,587,403
burger_1_img_30_2.jpg,768,768,ketchup,465,279,571,478
burger_1_img_30_2.jpg,768,768,beef_patty,326,210,445,430
burger_1_img_30_3.jpg,768,768,ketchup,232,264,367,545
burger_1_img_30_3.jpg,768,768,beef_patty,380,158,532,467
burger_1_img_24_0.jpg,768,768,ketchup,464,233,632,491
burger_1_img_24_0.jpg,768,768,lettuce,258,200,442,475
burger_1_img_24_1.jpg,768,768,ketchup,237,251,395,480
burger_1_img_24_1.jpg,768,768,lettuce,414,190,585,434
burger_1_img_24_2.jpg,768,768,ketchup,258,230,378,473
burger_1_img_24_2.jpg,768,768,lettuce,390,273,521,531
burger_1_img_24_3.jpg,768,768,ketchup,489,217,647,463
burger_1_img_24_3.jpg,768,768,lettuce,297,157,469,419
burger_2_img_16_0.jpg,768,768,cheese,498,323,621,581
burger_2_img_16_0.jpg,768,768,tomatoes,359,332,472,621
burger_2_img_16_1.jpg,768,768,cheese,166,204,301,446
burger_2_img_16_1.jpg,768,768,tomatoes,327,171,451,441
burger_2_img_16_2.jpg,768,768,cheese,438,162,568,440
burger_2_img_16_2.jpg,768,768,tomatoes,294,128,414,437
burger_2_img_16_3.jpg,768,768,cheese,181,304,296,599
burger_2_img_16_3.jpg,768,768,tomatoes,322,319,428,649
burger_2_img_7_0.jpg,768,768,mustard,478,354,641,654
burger_2_img_7_0.jpg,768,768,lettuce,282,373,451,716
burger_2_img_7_1.jpg,768,768,mustard,219,213,333,474
burger_2_img_7_1.jpg,768,768,lettuce,345,155,464,454
burger_2_img_7_2.jpg,768,768,mustard,161,274,313,498
burger_2_img_7_2.jpg,768,768,lettuce,337,223,494,479
burger_2_img_7_3.jpg,768,768,mustard,442,168,552,425
burger_2_img_7_3.jpg,768,768,lettuce,311,126,425,420
